GeoFIPS,GeoName,year,metric,value,Unit
19000,Iowa,2020,county_real_gdp_all_industry,187261682,Thousands of chained 2017 dollars
19000,Iowa,2021,county_real_gdp_all_industry,202470637,Thousands of chained 2017 dollars
19000,Iowa,2022,county_real_gdp_all_industry,202672531,Thousands of chained 2017 dollars
19000,Iowa,2023,county_real_gdp_all_industry,201359774,Thousands of chained 2017 dollars
19000,Iowa,2024,county_real_gdp_all_industry,206438928,Thousands of chained 2017 dollars
19001,"Adair, IA",2020,county_real_gdp_all_industry,444705,Thousands of chained 2017 dollars
19001,"Adair, IA",2021,county_real_gdp_all_industry,493826,Thousands of chained 2017 dollars
19001,"Adair, IA",2022,county_real_gdp_all_industry,500615,Thousands of chained 2017 dollars
19001,"Adair, IA",2023,county_real_gdp_all_industry,471688,Thousands of chained 2017 dollars
19001,"Adair, IA",2024,county_real_gdp_all_industry,493562,Thousands of chained 2017 dollars
19003,"Adams, IA",2020,county_real_gdp_all_industry,197857,Thousands of chained 2017 dollars
19003,"Adams, IA",2021,county_real_gdp_all_industry,225816,Thousands of chained 2017 dollars
19003,"Adams, IA",2022,county_real_gdp_all_industry,210077,Thousands of chained 2017 dollars
19003,"Adams, IA",2023,county_real_gdp_all_industry,203523,Thousands of chained 2017 dollars
19003,"Adams, IA",2024,county_real_gdp_all_industry,198660,Thousands of chained 2017 dollars
19005,"Allamakee, IA",2020,county_real_gdp_all_industry,599893,Thousands of chained 2017 dollars
19005,"Allamakee, IA",2021,county_real_gdp_all_industry,572482,Thousands of chained 2017 dollars
19005,"Allamakee, IA",2022,county_real_gdp_all_industry,579016,Thousands of chained 2017 dollars
19005,"Allamakee, IA",2023,county_real_gdp_all_industry,542899,Thousands of chained 2017 dollars
19005,"Allamakee, IA",2024,county_real_gdp_all_industry,581652,Thousands of chained 2017 dollars
19007,"Appanoose, IA",2020,county_real_gdp_all_industry,403188,Thousands of chained 2017 dollars
19007,"Appanoose, IA",2021,county_real_gdp_all_industry,446207,Thousands of chained 2017 dollars
19007,"Appanoose, IA",2022,county_real_gdp_all_industry,403479,Thousands of chained 2017 dollars
19007,"Appanoose, IA",2023,county_real_gdp_all_industry,385741,Thousands of chained 2017 dollars
19007,"Appanoose, IA",2024,county_real_gdp_all_industry,382833,Thousands of chained 2017 dollars
19009,"Audubon, IA",2020,county_real_gdp_all_industry,287723,Thousands of chained 2017 dollars
19009,"Audubon, IA",2021,county_real_gdp_all_industry,318560,Thousands of chained 2017 dollars
19009,"Audubon, IA",2022,county_real_gdp_all_industry,329550,Thousands of chained 2017 dollars
19009,"Audubon, IA",2023,county_real_gdp_all_industry,329951,Thousands of chained 2017 dollars
19009,"Audubon, IA",2024,county_real_gdp_all_industry,350679,Thousands of chained 2017 dollars
19011,"Benton, IA",2020,county_real_gdp_all_industry,846384,Thousands of chained 2017 dollars
19011,"Benton, IA",2021,county_real_gdp_all_industry,915952,Thousands of chained 2017 dollars
19011,"Benton, IA",2022,county_real_gdp_all_industry,861859,Thousands of chained 2017 dollars
19011,"Benton, IA",2023,county_real_gdp_all_industry,845949,Thousands of chained 2017 dollars
19011,"Benton, IA",2024,county_real_gdp_all_industry,850412,Thousands of chained 2017 dollars
19013,"Black Hawk, IA",2020,county_real_gdp_all_industry,7712598,Thousands of chained 2017 dollars
19013,"Black Hawk, IA",2021,county_real_gdp_all_industry,8164033,Thousands of chained 2017 dollars
19013,"Black Hawk, IA",2022,county_real_gdp_all_industry,7908976,Thousands of chained 2017 dollars
19013,"Black Hawk, IA",2023,county_real_gdp_all_industry,7778364,Thousands of chained 2017 dollars
19013,"Black Hawk, IA",2024,county_real_gdp_all_industry,7574396,Thousands of chained 2017 dollars
19015,"Boone, IA",2020,county_real_gdp_all_industry,1018118,Thousands of chained 2017 dollars
19015,"Boone, IA",2021,county_real_gdp_all_industry,1071019,Thousands of chained 2017 dollars
19015,"Boone, IA",2022,county_real_gdp_all_industry,1050545,Thousands of chained 2017 dollars
19015,"Boone, IA",2023,county_real_gdp_all_industry,1063912,Thousands of chained 2017 dollars
19015,"Boone, IA",2024,county_real_gdp_all_industry,993019,Thousands of chained 2017 dollars
19017,"Bremer, IA",2020,county_real_gdp_all_industry,1077594,Thousands of chained 2017 dollars
19017,"Bremer, IA",2021,county_real_gdp_all_industry,1200191,Thousands of chained 2017 dollars
19017,"Bremer, IA",2022,county_real_gdp_all_industry,1242031,Thousands of chained 2017 dollars
19017,"Bremer, IA",2023,county_real_gdp_all_industry,1211668,Thousands of chained 2017 dollars
19017,"Bremer, IA",2024,county_real_gdp_all_industry,1219738,Thousands of chained 2017 dollars
19019,"Buchanan, IA",2020,county_real_gdp_all_industry,758103,Thousands of chained 2017 dollars
19019,"Buchanan, IA",2021,county_real_gdp_all_industry,811025,Thousands of chained 2017 dollars
19019,"Buchanan, IA",2022,county_real_gdp_all_industry,814725,Thousands of chained 2017 dollars
19019,"Buchanan, IA",2023,county_real_gdp_all_industry,813337,Thousands of chained 2017 dollars
19019,"Buchanan, IA",2024,county_real_gdp_all_industry,827056,Thousands of chained 2017 dollars
19021,"Buena Vista, IA",2020,county_real_gdp_all_industry,1233632,Thousands of chained 2017 dollars
19021,"Buena Vista, IA",2021,county_real_gdp_all_industry,1332742,Thousands of chained 2017 dollars
19021,"Buena Vista, IA",2022,county_real_gdp_all_industry,1464077,Thousands of chained 2017 dollars
19021,"Buena Vista, IA",2023,county_real_gdp_all_industry,1438690,Thousands of chained 2017 dollars
19021,"Buena Vista, IA",2024,county_real_gdp_all_industry,1545409,Thousands of chained 2017 dollars
19023,"Butler, IA",2020,county_real_gdp_all_industry,399522,Thousands of chained 2017 dollars
19023,"Butler, IA",2021,county_real_gdp_all_industry,538350,Thousands of chained 2017 dollars
19023,"Butler, IA",2022,county_real_gdp_all_industry,547292,Thousands of chained 2017 dollars
19023,"Butler, IA",2023,county_real_gdp_all_industry,562531,Thousands of chained 2017 dollars
19023,"Butler, IA",2024,county_real_gdp_all_industry,515993,Thousands of chained 2017 dollars
19025,"Calhoun, IA",2020,county_real_gdp_all_industry,379460,Thousands of chained 2017 dollars
19025,"Calhoun, IA",2021,county_real_gdp_all_industry,438092,Thousands of chained 2017 dollars
19025,"Calhoun, IA",2022,county_real_gdp_all_industry,441673,Thousands of chained 2017 dollars
19025,"Calhoun, IA",2023,county_real_gdp_all_industry,415119,Thousands of chained 2017 dollars
19025,"Calhoun, IA",2024,county_real_gdp_all_industry,416525,Thousands of chained 2017 dollars
19027,"Carroll, IA",2020,county_real_gdp_all_industry,1300799,Thousands of chained 2017 dollars
19027,"Carroll, IA",2021,county_real_gdp_all_industry,1357263,Thousands of chained 2017 dollars
19027,"Carroll, IA",2022,county_real_gdp_all_industry,1382448,Thousands of chained 2017 dollars
19027,"Carroll, IA",2023,county_real_gdp_all_industry,1351948,Thousands of chained 2017 dollars
19027,"Carroll, IA",2024,county_real_gdp_all_industry,1396164,Thousands of chained 2017 dollars
19029,"Cass, IA",2020,county_real_gdp_all_industry,637212,Thousands of chained 2017 dollars
19029,"Cass, IA",2021,county_real_gdp_all_industry,710340,Thousands of chained 2017 dollars
19029,"Cass, IA",2022,county_real_gdp_all_industry,700778,Thousands of chained 2017 dollars
19029,"Cass, IA",2023,county_real_gdp_all_industry,724350,Thousands of chained 2017 dollars
19029,"Cass, IA",2024,county_real_gdp_all_industry,743875,Thousands of chained 2017 dollars
19031,"Cedar, IA",2020,county_real_gdp_all_industry,564546,Thousands of chained 2017 dollars
19031,"Cedar, IA",2021,county_real_gdp_all_industry,683174,Thousands of chained 2017 dollars
19031,"Cedar, IA",2022,county_real_gdp_all_industry,665355,Thousands of chained 2017 dollars
19031,"Cedar, IA",2023,county_real_gdp_all_industry,620598,Thousands of chained 2017 dollars
19031,"Cedar, IA",2024,county_real_gdp_all_industry,606436,Thousands of chained 2017 dollars
19033,"Cerro Gordo, IA",2020,county_real_gdp_all_industry,2432884,Thousands of chained 2017 dollars
19033,"Cerro Gordo, IA",2021,county_real_gdp_all_industry,2625338,Thousands of chained 2017 dollars
19033,"Cerro Gordo, IA",2022,county_real_gdp_all_industry,2673163,Thousands of chained 2017 dollars
19033,"Cerro Gordo, IA",2023,county_real_gdp_all_industry,2833058,Thousands of chained 2017 dollars
19033,"Cerro Gordo, IA",2024,county_real_gdp_all_industry,2890284,Thousands of chained 2017 dollars
19035,"Cherokee, IA",2020,county_real_gdp_all_industry,628398,Thousands of chained 2017 dollars
19035,"Cherokee, IA",2021,county_real_gdp_all_industry,733317,Thousands of chained 2017 dollars
19035,"Cherokee, IA",2022,county_real_gdp_all_industry,787059,Thousands of chained 2017 dollars
19035,"Cherokee, IA",2023,county_real_gdp_all_industry,782684,Thousands of chained 2017 dollars
19035,"Cherokee, IA",2024,county_real_gdp_all_industry,843091,Thousands of chained 2017 dollars
19037,"Chickasaw, IA",2020,county_real_gdp_all_industry,600527,Thousands of chained 2017 dollars
19037,"Chickasaw, IA",2021,county_real_gdp_all_industry,730694,Thousands of chained 2017 dollars
19037,"Chickasaw, IA",2022,county_real_gdp_all_industry,776695,Thousands of chained 2017 dollars
19037,"Chickasaw, IA",2023,county_real_gdp_all_industry,803433,Thousands of chained 2017 dollars
19037,"Chickasaw, IA",2024,county_real_gdp_all_industry,850368,Thousands of chained 2017 dollars
19039,"Clarke, IA",2020,county_real_gdp_all_industry,396719,Thousands of chained 2017 dollars
19039,"Clarke, IA",2021,county_real_gdp_all_industry,430871,Thousands of chained 2017 dollars
19039,"Clarke, IA",2022,county_real_gdp_all_industry,483308,Thousands of chained 2017 dollars
19039,"Clarke, IA",2023,county_real_gdp_all_industry,461356,Thousands of chained 2017 dollars
19039,"Clarke, IA",2024,county_real_gdp_all_industry,500842,Thousands of chained 2017 dollars
19041,"Clay, IA",2020,county_real_gdp_all_industry,1011035,Thousands of chained 2017 dollars
19041,"Clay, IA",2021,county_real_gdp_all_industry,1046618,Thousands of chained 2017 dollars
19041,"Clay, IA",2022,county_real_gdp_all_industry,1091028,Thousands of chained 2017 dollars
19041,"Clay, IA",2023,county_real_gdp_all_industry,1098874,Thousands of chained 2017 dollars
19041,"Clay, IA",2024,county_real_gdp_all_industry,1179968,Thousands of chained 2017 dollars
19043,"Clayton, IA",2020,county_real_gdp_all_industry,814823,Thousands of chained 2017 dollars
19043,"Clayton, IA",2021,county_real_gdp_all_industry,863991,Thousands of chained 2017 dollars
19043,"Clayton, IA",2022,county_real_gdp_all_industry,870301,Thousands of chained 2017 dollars
19043,"Clayton, IA",2023,county_real_gdp_all_industry,849453,Thousands of chained 2017 dollars
19043,"Clayton, IA",2024,county_real_gdp_all_industry,870450,Thousands of chained 2017 dollars
19045,"Clinton, IA",2020,county_real_gdp_all_industry,2184145,Thousands of chained 2017 dollars
19045,"Clinton, IA",2021,county_real_gdp_all_industry,2389718,Thousands of chained 2017 dollars
19045,"Clinton, IA",2022,county_real_gdp_all_industry,2324697,Thousands of chained 2017 dollars
19045,"Clinton, IA",2023,county_real_gdp_all_industry,2268439,Thousands of chained 2017 dollars
19045,"Clinton, IA",2024,county_real_gdp_all_industry,2284327,Thousands of chained 2017 dollars
19047,"Crawford, IA",2020,county_real_gdp_all_industry,720038,Thousands of chained 2017 dollars
19047,"Crawford, IA",2021,county_real_gdp_all_industry,819286,Thousands of chained 2017 dollars
19047,"Crawford, IA",2022,county_real_gdp_all_industry,809701,Thousands of chained 2017 dollars
19047,"Crawford, IA",2023,county_real_gdp_all_industry,834553,Thousands of chained 2017 dollars
19047,"Crawford, IA",2024,county_real_gdp_all_industry,859893,Thousands of chained 2017 dollars
19049,"Dallas, IA",2020,county_real_gdp_all_industry,6514851,Thousands of chained 2017 dollars
19049,"Dallas, IA",2021,county_real_gdp_all_industry,7071880,Thousands of chained 2017 dollars
19049,"Dallas, IA",2022,county_real_gdp_all_industry,7784145,Thousands of chained 2017 dollars
19049,"Dallas, IA",2023,county_real_gdp_all_industry,8239465,Thousands of chained 2017 dollars
19049,"Dallas, IA",2024,county_real_gdp_all_industry,8550013,Thousands of chained 2017 dollars
19051,"Davis, IA",2020,county_real_gdp_all_industry,249638,Thousands of chained 2017 dollars
19051,"Davis, IA",2021,county_real_gdp_all_industry,282791,Thousands of chained 2017 dollars
19051,"Davis, IA",2022,county_real_gdp_all_industry,307240,Thousands of chained 2017 dollars
19051,"Davis, IA",2023,county_real_gdp_all_industry,298564,Thousands of chained 2017 dollars
19051,"Davis, IA",2024,county_real_gdp_all_industry,306801,Thousands of chained 2017 dollars
19053,"Decatur, IA",2020,county_real_gdp_all_industry,206261,Thousands of chained 2017 dollars
19053,"Decatur, IA",2021,county_real_gdp_all_industry,234063,Thousands of chained 2017 dollars
19053,"Decatur, IA",2022,county_real_gdp_all_industry,235344,Thousands of chained 2017 dollars
19053,"Decatur, IA",2023,county_real_gdp_all_industry,214533,Thousands of chained 2017 dollars
19053,"Decatur, IA",2024,county_real_gdp_all_industry,216787,Thousands of chained 2017 dollars
19055,"Delaware, IA",2020,county_real_gdp_all_industry,884530,Thousands of chained 2017 dollars
19055,"Delaware, IA",2021,county_real_gdp_all_industry,908027,Thousands of chained 2017 dollars
19055,"Delaware, IA",2022,county_real_gdp_all_industry,944578,Thousands of chained 2017 dollars
19055,"Delaware, IA",2023,county_real_gdp_all_industry,922127,Thousands of chained 2017 dollars
19055,"Delaware, IA",2024,county_real_gdp_all_industry,958351,Thousands of chained 2017 dollars
19057,"Des Moines, IA",2020,county_real_gdp_all_industry,2161657,Thousands of chained 2017 dollars
19057,"Des Moines, IA",2021,county_real_gdp_all_industry,2274399,Thousands of chained 2017 dollars
19057,"Des Moines, IA",2022,county_real_gdp_all_industry,2147644,Thousands of chained 2017 dollars
19057,"Des Moines, IA",2023,county_real_gdp_all_industry,2143986,Thousands of chained 2017 dollars
19057,"Des Moines, IA",2024,county_real_gdp_all_industry,2221427,Thousands of chained 2017 dollars
19059,"Dickinson, IA",2020,county_real_gdp_all_industry,970483,Thousands of chained 2017 dollars
19059,"Dickinson, IA",2021,county_real_gdp_all_industry,1065657,Thousands of chained 2017 dollars
19059,"Dickinson, IA",2022,county_real_gdp_all_industry,1087003,Thousands of chained 2017 dollars
19059,"Dickinson, IA",2023,county_real_gdp_all_industry,1094202,Thousands of chained 2017 dollars
19059,"Dickinson, IA",2024,county_real_gdp_all_industry,1179189,Thousands of chained 2017 dollars
19061,"Dubuque, IA",2020,county_real_gdp_all_industry,6617948,Thousands of chained 2017 dollars
19061,"Dubuque, IA",2021,county_real_gdp_all_industry,6808043,Thousands of chained 2017 dollars
19061,"Dubuque, IA",2022,county_real_gdp_all_industry,6896541,Thousands of chained 2017 dollars
19061,"Dubuque, IA",2023,county_real_gdp_all_industry,6885958,Thousands of chained 2017 dollars
19061,"Dubuque, IA",2024,county_real_gdp_all_industry,6926276,Thousands of chained 2017 dollars
19063,"Emmet, IA",2020,county_real_gdp_all_industry,334298,Thousands of chained 2017 dollars
19063,"Emmet, IA",2021,county_real_gdp_all_industry,391485,Thousands of chained 2017 dollars
19063,"Emmet, IA",2022,county_real_gdp_all_industry,400102,Thousands of chained 2017 dollars
19063,"Emmet, IA",2023,county_real_gdp_all_industry,351251,Thousands of chained 2017 dollars
19063,"Emmet, IA",2024,county_real_gdp_all_industry,392589,Thousands of chained 2017 dollars
19065,"Fayette, IA",2020,county_real_gdp_all_industry,710545,Thousands of chained 2017 dollars
19065,"Fayette, IA",2021,county_real_gdp_all_industry,750535,Thousands of chained 2017 dollars
19065,"Fayette, IA",2022,county_real_gdp_all_industry,776930,Thousands of chained 2017 dollars
19065,"Fayette, IA",2023,county_real_gdp_all_industry,761638,Thousands of chained 2017 dollars
19065,"Fayette, IA",2024,county_real_gdp_all_industry,800463,Thousands of chained 2017 dollars
19067,"Floyd, IA",2020,county_real_gdp_all_industry,760141,Thousands of chained 2017 dollars
19067,"Floyd, IA",2021,county_real_gdp_all_industry,870006,Thousands of chained 2017 dollars
19067,"Floyd, IA",2022,county_real_gdp_all_industry,869677,Thousands of chained 2017 dollars
19067,"Floyd, IA",2023,county_real_gdp_all_industry,870872,Thousands of chained 2017 dollars
19067,"Floyd, IA",2024,county_real_gdp_all_industry,917123,Thousands of chained 2017 dollars
19069,"Franklin, IA",2020,county_real_gdp_all_industry,541192,Thousands of chained 2017 dollars
19069,"Franklin, IA",2021,county_real_gdp_all_industry,644763,Thousands of chained 2017 dollars
19069,"Franklin, IA",2022,county_real_gdp_all_industry,643923,Thousands of chained 2017 dollars
19069,"Franklin, IA",2023,county_real_gdp_all_industry,596033,Thousands of chained 2017 dollars
19069,"Franklin, IA",2024,county_real_gdp_all_industry,594529,Thousands of chained 2017 dollars
19071,"Fremont, IA",2020,county_real_gdp_all_industry,299086,Thousands of chained 2017 dollars
19071,"Fremont, IA",2021,county_real_gdp_all_industry,356153,Thousands of chained 2017 dollars
19071,"Fremont, IA",2022,county_real_gdp_all_industry,319130,Thousands of chained 2017 dollars
19071,"Fremont, IA",2023,county_real_gdp_all_industry,322643,Thousands of chained 2017 dollars
19071,"Fremont, IA",2024,county_real_gdp_all_industry,291869,Thousands of chained 2017 dollars
19073,"Greene, IA",2020,county_real_gdp_all_industry,468877,Thousands of chained 2017 dollars
19073,"Greene, IA",2021,county_real_gdp_all_industry,571052,Thousands of chained 2017 dollars
19073,"Greene, IA",2022,county_real_gdp_all_industry,549603,Thousands of chained 2017 dollars
19073,"Greene, IA",2023,county_real_gdp_all_industry,512549,Thousands of chained 2017 dollars
19073,"Greene, IA",2024,county_real_gdp_all_industry,540406,Thousands of chained 2017 dollars
19075,"Grundy, IA",2020,county_real_gdp_all_industry,504283,Thousands of chained 2017 dollars
19075,"Grundy, IA",2021,county_real_gdp_all_industry,599663,Thousands of chained 2017 dollars
19075,"Grundy, IA",2022,county_real_gdp_all_industry,582188,Thousands of chained 2017 dollars
19075,"Grundy, IA",2023,county_real_gdp_all_industry,558101,Thousands of chained 2017 dollars
19075,"Grundy, IA",2024,county_real_gdp_all_industry,539210,Thousands of chained 2017 dollars
19077,"Guthrie, IA",2020,county_real_gdp_all_industry,455776,Thousands of chained 2017 dollars
19077,"Guthrie, IA",2021,county_real_gdp_all_industry,508024,Thousands of chained 2017 dollars
19077,"Guthrie, IA",2022,county_real_gdp_all_industry,519363,Thousands of chained 2017 dollars
19077,"Guthrie, IA",2023,county_real_gdp_all_industry,514512,Thousands of chained 2017 dollars
19077,"Guthrie, IA",2024,county_real_gdp_all_industry,567734,Thousands of chained 2017 dollars
19079,"Hamilton, IA",2020,county_real_gdp_all_industry,677420,Thousands of chained 2017 dollars
19079,"Hamilton, IA",2021,county_real_gdp_all_industry,788425,Thousands of chained 2017 dollars
19079,"Hamilton, IA",2022,county_real_gdp_all_industry,849839,Thousands of chained 2017 dollars
19079,"Hamilton, IA",2023,county_real_gdp_all_industry,804131,Thousands of chained 2017 dollars
19079,"Hamilton, IA",2024,county_real_gdp_all_industry,854305,Thousands of chained 2017 dollars
19081,"Hancock, IA",2020,county_real_gdp_all_industry,727735,Thousands of chained 2017 dollars
19081,"Hancock, IA",2021,county_real_gdp_all_industry,891401,Thousands of chained 2017 dollars
19081,"Hancock, IA",2022,county_real_gdp_all_industry,1004202,Thousands of chained 2017 dollars
19081,"Hancock, IA",2023,county_real_gdp_all_industry,940844,Thousands of chained 2017 dollars
19081,"Hancock, IA",2024,county_real_gdp_all_industry,984747,Thousands of chained 2017 dollars
19083,"Hardin, IA",2020,county_real_gdp_all_industry,738108,Thousands of chained 2017 dollars
19083,"Hardin, IA",2021,county_real_gdp_all_industry,899224,Thousands of chained 2017 dollars
19083,"Hardin, IA",2022,county_real_gdp_all_industry,952018,Thousands of chained 2017 dollars
19083,"Hardin, IA",2023,county_real_gdp_all_industry,853203,Thousands of chained 2017 dollars
19083,"Hardin, IA",2024,county_real_gdp_all_industry,863495,Thousands of chained 2017 dollars
19085,"Harrison, IA",2020,county_real_gdp_all_industry,418700,Thousands of chained 2017 dollars
19085,"Harrison, IA",2021,county_real_gdp_all_industry,517943,Thousands of chained 2017 dollars
19085,"Harrison, IA",2022,county_real_gdp_all_industry,533987,Thousands of chained 2017 dollars
19085,"Harrison, IA",2023,county_real_gdp_all_industry,536677,Thousands of chained 2017 dollars
19085,"Harrison, IA",2024,county_real_gdp_all_industry,508106,Thousands of chained 2017 dollars
19087,"Henry, IA",2020,county_real_gdp_all_industry,915174,Thousands of chained 2017 dollars
19087,"Henry, IA",2021,county_real_gdp_all_industry,979507,Thousands of chained 2017 dollars
19087,"Henry, IA",2022,county_real_gdp_all_industry,943226,Thousands of chained 2017 dollars
19087,"Henry, IA",2023,county_real_gdp_all_industry,885289,Thousands of chained 2017 dollars
19087,"Henry, IA",2024,county_real_gdp_all_industry,864153,Thousands of chained 2017 dollars
19089,"Howard, IA",2020,county_real_gdp_all_industry,440789,Thousands of chained 2017 dollars
19089,"Howard, IA",2021,county_real_gdp_all_industry,518874,Thousands of chained 2017 dollars
19089,"Howard, IA",2022,county_real_gdp_all_industry,543801,Thousands of chained 2017 dollars
19089,"Howard, IA",2023,county_real_gdp_all_industry,549370,Thousands of chained 2017 dollars
19089,"Howard, IA",2024,county_real_gdp_all_industry,570430,Thousands of chained 2017 dollars
19091,"Humboldt, IA",2020,county_real_gdp_all_industry,423201,Thousands of chained 2017 dollars
19091,"Humboldt, IA",2021,county_real_gdp_all_industry,470876,Thousands of chained 2017 dollars
19091,"Humboldt, IA",2022,county_real_gdp_all_industry,451140,Thousands of chained 2017 dollars
19091,"Humboldt, IA",2023,county_real_gdp_all_industry,446614,Thousands of chained 2017 dollars
19091,"Humboldt, IA",2024,county_real_gdp_all_industry,449116,Thousands of chained 2017 dollars
19093,"Ida, IA",2020,county_real_gdp_all_industry,584748,Thousands of chained 2017 dollars
19093,"Ida, IA",2021,county_real_gdp_all_industry,607381,Thousands of chained 2017 dollars
19093,"Ida, IA",2022,county_real_gdp_all_industry,577720,Thousands of chained 2017 dollars
19093,"Ida, IA",2023,county_real_gdp_all_industry,557191,Thousands of chained 2017 dollars
19093,"Ida, IA",2024,county_real_gdp_all_industry,551885,Thousands of chained 2017 dollars
19095,"Iowa, IA",2020,county_real_gdp_all_industry,962210,Thousands of chained 2017 dollars
19095,"Iowa, IA",2021,county_real_gdp_all_industry,1057448,Thousands of chained 2017 dollars
19095,"Iowa, IA",2022,county_real_gdp_all_industry,979313,Thousands of chained 2017 dollars
19095,"Iowa, IA",2023,county_real_gdp_all_industry,917486,Thousands of chained 2017 dollars
19095,"Iowa, IA",2024,county_real_gdp_all_industry,907656,Thousands of chained 2017 dollars
19097,"Jackson, IA",2020,county_real_gdp_all_industry,654882,Thousands of chained 2017 dollars
19097,"Jackson, IA",2021,county_real_gdp_all_industry,663360,Thousands of chained 2017 dollars
19097,"Jackson, IA",2022,county_real_gdp_all_industry,662916,Thousands of chained 2017 dollars
19097,"Jackson, IA",2023,county_real_gdp_all_industry,654731,Thousands of chained 2017 dollars
19097,"Jackson, IA",2024,county_real_gdp_all_industry,682179,Thousands of chained 2017 dollars
19099,"Jasper, IA",2020,county_real_gdp_all_industry,1178488,Thousands of chained 2017 dollars
19099,"Jasper, IA",2021,county_real_gdp_all_industry,1272529,Thousands of chained 2017 dollars
19099,"Jasper, IA",2022,county_real_gdp_all_industry,1167752,Thousands of chained 2017 dollars
19099,"Jasper, IA",2023,county_real_gdp_all_industry,1143588,Thousands of chained 2017 dollars
19099,"Jasper, IA",2024,county_real_gdp_all_industry,1137849,Thousands of chained 2017 dollars
19101,"Jefferson, IA",2020,county_real_gdp_all_industry,675678,Thousands of chained 2017 dollars
19101,"Jefferson, IA",2021,county_real_gdp_all_industry,736777,Thousands of chained 2017 dollars
19101,"Jefferson, IA",2022,county_real_gdp_all_industry,763884,Thousands of chained 2017 dollars
19101,"Jefferson, IA",2023,county_real_gdp_all_industry,739767,Thousands of chained 2017 dollars
19101,"Jefferson, IA",2024,county_real_gdp_all_industry,709844,Thousands of chained 2017 dollars
19103,"Johnson, IA",2020,county_real_gdp_all_industry,9368536,Thousands of chained 2017 dollars
19103,"Johnson, IA",2021,county_real_gdp_all_industry,9680610,Thousands of chained 2017 dollars
19103,"Johnson, IA",2022,county_real_gdp_all_industry,9608045,Thousands of chained 2017 dollars
19103,"Johnson, IA",2023,county_real_gdp_all_industry,9723176,Thousands of chained 2017 dollars
19103,"Johnson, IA",2024,county_real_gdp_all_industry,9887747,Thousands of chained 2017 dollars
19105,"Jones, IA",2020,county_real_gdp_all_industry,621578,Thousands of chained 2017 dollars
19105,"Jones, IA",2021,county_real_gdp_all_industry,669755,Thousands of chained 2017 dollars
19105,"Jones, IA",2022,county_real_gdp_all_industry,650949,Thousands of chained 2017 dollars
19105,"Jones, IA",2023,county_real_gdp_all_industry,648697,Thousands of chained 2017 dollars
19105,"Jones, IA",2024,county_real_gdp_all_industry,631420,Thousands of chained 2017 dollars
19107,"Keokuk, IA",2020,county_real_gdp_all_industry,310349,Thousands of chained 2017 dollars
19107,"Keokuk, IA",2021,county_real_gdp_all_industry,347763,Thousands of chained 2017 dollars
19107,"Keokuk, IA",2022,county_real_gdp_all_industry,345464,Thousands of chained 2017 dollars
19107,"Keokuk, IA",2023,county_real_gdp_all_industry,327567,Thousands of chained 2017 dollars
19107,"Keokuk, IA",2024,county_real_gdp_all_industry,326816,Thousands of chained 2017 dollars
19109,"Kossuth, IA",2020,county_real_gdp_all_industry,806977,Thousands of chained 2017 dollars
19109,"Kossuth, IA",2021,county_real_gdp_all_industry,1031181,Thousands of chained 2017 dollars
19109,"Kossuth, IA",2022,county_real_gdp_all_industry,1040619,Thousands of chained 2017 dollars
19109,"Kossuth, IA",2023,county_real_gdp_all_industry,1006596,Thousands of chained 2017 dollars
19109,"Kossuth, IA",2024,county_real_gdp_all_industry,1066606,Thousands of chained 2017 dollars
19111,"Lee, IA",2020,county_real_gdp_all_industry,1854877,Thousands of chained 2017 dollars
19111,"Lee, IA",2021,county_real_gdp_all_industry,1905410,Thousands of chained 2017 dollars
19111,"Lee, IA",2022,county_real_gdp_all_industry,1752087,Thousands of chained 2017 dollars
19111,"Lee, IA",2023,county_real_gdp_all_industry,1739653,Thousands of chained 2017 dollars
19111,"Lee, IA",2024,county_real_gdp_all_industry,1749234,Thousands of chained 2017 dollars
19113,"Linn, IA",2020,county_real_gdp_all_industry,16589410,Thousands of chained 2017 dollars
19113,"Linn, IA",2021,county_real_gdp_all_industry,17728784,Thousands of chained 2017 dollars
19113,"Linn, IA",2022,county_real_gdp_all_industry,17591539,Thousands of chained 2017 dollars
19113,"Linn, IA",2023,county_real_gdp_all_industry,17360484,Thousands of chained 2017 dollars
19113,"Linn, IA",2024,county_real_gdp_all_industry,17575215,Thousands of chained 2017 dollars
19115,"Louisa, IA",2020,county_real_gdp_all_industry,652436,Thousands of chained 2017 dollars
19115,"Louisa, IA",2021,county_real_gdp_all_industry,797485,Thousands of chained 2017 dollars
19115,"Louisa, IA",2022,county_real_gdp_all_industry,752012,Thousands of chained 2017 dollars
19115,"Louisa, IA",2023,county_real_gdp_all_industry,758281,Thousands of chained 2017 dollars
19115,"Louisa, IA",2024,county_real_gdp_all_industry,728908,Thousands of chained 2017 dollars
19117,"Lucas, IA",2020,county_real_gdp_all_industry,313353,Thousands of chained 2017 dollars
19117,"Lucas, IA",2021,county_real_gdp_all_industry,327521,Thousands of chained 2017 dollars
19117,"Lucas, IA",2022,county_real_gdp_all_industry,295221,Thousands of chained 2017 dollars
19117,"Lucas, IA",2023,county_real_gdp_all_industry,267567,Thousands of chained 2017 dollars
19117,"Lucas, IA",2024,county_real_gdp_all_industry,265780,Thousands of chained 2017 dollars
19119,"Lyon, IA",2020,county_real_gdp_all_industry,868530,Thousands of chained 2017 dollars
19119,"Lyon, IA",2021,county_real_gdp_all_industry,886600,Thousands of chained 2017 dollars
19119,"Lyon, IA",2022,county_real_gdp_all_industry,980110,Thousands of chained 2017 dollars
19119,"Lyon, IA",2023,county_real_gdp_all_industry,916631,Thousands of chained 2017 dollars
19119,"Lyon, IA",2024,county_real_gdp_all_industry,1110011,Thousands of chained 2017 dollars
19121,"Madison, IA",2020,county_real_gdp_all_industry,419268,Thousands of chained 2017 dollars
19121,"Madison, IA",2021,county_real_gdp_all_industry,462076,Thousands of chained 2017 dollars
19121,"Madison, IA",2022,county_real_gdp_all_industry,489559,Thousands of chained 2017 dollars
19121,"Madison, IA",2023,county_real_gdp_all_industry,521445,Thousands of chained 2017 dollars
19121,"Madison, IA",2024,county_real_gdp_all_industry,509936,Thousands of chained 2017 dollars
19123,"Mahaska, IA",2020,county_real_gdp_all_industry,820083,Thousands of chained 2017 dollars
19123,"Mahaska, IA",2021,county_real_gdp_all_industry,894066,Thousands of chained 2017 dollars
19123,"Mahaska, IA",2022,county_real_gdp_all_industry,899793,Thousands of chained 2017 dollars
19123,"Mahaska, IA",2023,county_real_gdp_all_industry,854821,Thousands of chained 2017 dollars
19123,"Mahaska, IA",2024,county_real_gdp_all_industry,873915,Thousands of chained 2017 dollars
19125,"Marion, IA",2020,county_real_gdp_all_industry,2105257,Thousands of chained 2017 dollars
19125,"Marion, IA",2021,county_real_gdp_all_industry,2088609,Thousands of chained 2017 dollars
19125,"Marion, IA",2022,county_real_gdp_all_industry,2048705,Thousands of chained 2017 dollars
19125,"Marion, IA",2023,county_real_gdp_all_industry,2136959,Thousands of chained 2017 dollars
19125,"Marion, IA",2024,county_real_gdp_all_industry,2078419,Thousands of chained 2017 dollars
19127,"Marshall, IA",2020,county_real_gdp_all_industry,1829028,Thousands of chained 2017 dollars
19127,"Marshall, IA",2021,county_real_gdp_all_industry,1816698,Thousands of chained 2017 dollars
19127,"Marshall, IA",2022,county_real_gdp_all_industry,1789575,Thousands of chained 2017 dollars
19127,"Marshall, IA",2023,county_real_gdp_all_industry,1750980,Thousands of chained 2017 dollars
19127,"Marshall, IA",2024,county_real_gdp_all_industry,1739482,Thousands of chained 2017 dollars
19129,"Mills, IA",2020,county_real_gdp_all_industry,525242,Thousands of chained 2017 dollars
19129,"Mills, IA",2021,county_real_gdp_all_industry,582319,Thousands of chained 2017 dollars
19129,"Mills, IA",2022,county_real_gdp_all_industry,516569,Thousands of chained 2017 dollars
19129,"Mills, IA",2023,county_real_gdp_all_industry,494669,Thousands of chained 2017 dollars
19129,"Mills, IA",2024,county_real_gdp_all_industry,486633,Thousands of chained 2017 dollars
19131,"Mitchell, IA",2020,county_real_gdp_all_industry,579845,Thousands of chained 2017 dollars
19131,"Mitchell, IA",2021,county_real_gdp_all_industry,686575,Thousands of chained 2017 dollars
19131,"Mitchell, IA",2022,county_real_gdp_all_industry,722686,Thousands of chained 2017 dollars
19131,"Mitchell, IA",2023,county_real_gdp_all_industry,782404,Thousands of chained 2017 dollars
19131,"Mitchell, IA",2024,county_real_gdp_all_industry,765437,Thousands of chained 2017 dollars
19133,"Monona, IA",2020,county_real_gdp_all_industry,300580,Thousands of chained 2017 dollars
19133,"Monona, IA",2021,county_real_gdp_all_industry,350324,Thousands of chained 2017 dollars
19133,"Monona, IA",2022,county_real_gdp_all_industry,341718,Thousands of chained 2017 dollars
19133,"Monona, IA",2023,county_real_gdp_all_industry,367640,Thousands of chained 2017 dollars
19133,"Monona, IA",2024,county_real_gdp_all_industry,344000,Thousands of chained 2017 dollars
19135,"Monroe, IA",2020,county_real_gdp_all_industry,408754,Thousands of chained 2017 dollars
19135,"Monroe, IA",2021,county_real_gdp_all_industry,471711,Thousands of chained 2017 dollars
19135,"Monroe, IA",2022,county_real_gdp_all_industry,492773,Thousands of chained 2017 dollars
19135,"Monroe, IA",2023,county_real_gdp_all_industry,491492,Thousands of chained 2017 dollars
19135,"Monroe, IA",2024,county_real_gdp_all_industry,485114,Thousands of chained 2017 dollars
19137,"Montgomery, IA",2020,county_real_gdp_all_industry,410334,Thousands of chained 2017 dollars
19137,"Montgomery, IA",2021,county_real_gdp_all_industry,462284,Thousands of chained 2017 dollars
19137,"Montgomery, IA",2022,county_real_gdp_all_industry,446958,Thousands of chained 2017 dollars
19137,"Montgomery, IA",2023,county_real_gdp_all_industry,429233,Thousands of chained 2017 dollars
19137,"Montgomery, IA",2024,county_real_gdp_all_industry,419234,Thousands of chained 2017 dollars
19139,"Muscatine, IA",2020,county_real_gdp_all_industry,2545990,Thousands of chained 2017 dollars
19139,"Muscatine, IA",2021,county_real_gdp_all_industry,2588316,Thousands of chained 2017 dollars
19139,"Muscatine, IA",2022,county_real_gdp_all_industry,2593837,Thousands of chained 2017 dollars
19139,"Muscatine, IA",2023,county_real_gdp_all_industry,2518379,Thousands of chained 2017 dollars
19139,"Muscatine, IA",2024,county_real_gdp_all_industry,2577854,Thousands of chained 2017 dollars
19141,"O'Brien, IA",2020,county_real_gdp_all_industry,851790,Thousands of chained 2017 dollars
19141,"O'Brien, IA",2021,county_real_gdp_all_industry,881414,Thousands of chained 2017 dollars
19141,"O'Brien, IA",2022,county_real_gdp_all_industry,922145,Thousands of chained 2017 dollars
19141,"O'Brien, IA",2023,county_real_gdp_all_industry,872063,Thousands of chained 2017 dollars
19141,"O'Brien, IA",2024,county_real_gdp_all_industry,956767,Thousands of chained 2017 dollars
19143,"Osceola, IA",2020,county_real_gdp_all_industry,330783,Thousands of chained 2017 dollars
19143,"Osceola, IA",2021,county_real_gdp_all_industry,366895,Thousands of chained 2017 dollars
19143,"Osceola, IA",2022,county_real_gdp_all_industry,427468,Thousands of chained 2017 dollars
19143,"Osceola, IA",2023,county_real_gdp_all_industry,375828,Thousands of chained 2017 dollars
19143,"Osceola, IA",2024,county_real_gdp_all_industry,467536,Thousands of chained 2017 dollars
19145,"Page, IA",2020,county_real_gdp_all_industry,590022,Thousands of chained 2017 dollars
19145,"Page, IA",2021,county_real_gdp_all_industry,670118,Thousands of chained 2017 dollars
19145,"Page, IA",2022,county_real_gdp_all_industry,626396,Thousands of chained 2017 dollars
19145,"Page, IA",2023,county_real_gdp_all_industry,625686,Thousands of chained 2017 dollars
19145,"Page, IA",2024,county_real_gdp_all_industry,615018,Thousands of chained 2017 dollars
19147,"Palo Alto, IA",2020,county_real_gdp_all_industry,458495,Thousands of chained 2017 dollars
19147,"Palo Alto, IA",2021,county_real_gdp_all_industry,548734,Thousands of chained 2017 dollars
19147,"Palo Alto, IA",2022,county_real_gdp_all_industry,608875,Thousands of chained 2017 dollars
19147,"Palo Alto, IA",2023,county_real_gdp_all_industry,544858,Thousands of chained 2017 dollars
19147,"Palo Alto, IA",2024,county_real_gdp_all_industry,617067,Thousands of chained 2017 dollars
19149,"Plymouth, IA",2020,county_real_gdp_all_industry,1331017,Thousands of chained 2017 dollars
19149,"Plymouth, IA",2021,county_real_gdp_all_industry,1484195,Thousands of chained 2017 dollars
19149,"Plymouth, IA",2022,county_real_gdp_all_industry,1613345,Thousands of chained 2017 dollars
19149,"Plymouth, IA",2023,county_real_gdp_all_industry,1557347,Thousands of chained 2017 dollars
19149,"Plymouth, IA",2024,county_real_gdp_all_industry,1561144,Thousands of chained 2017 dollars
19151,"Pocahontas, IA",2020,county_real_gdp_all_industry,459167,Thousands of chained 2017 dollars
19151,"Pocahontas, IA",2021,county_real_gdp_all_industry,526796,Thousands of chained 2017 dollars
19151,"Pocahontas, IA",2022,county_real_gdp_all_industry,532938,Thousands of chained 2017 dollars
19151,"Pocahontas, IA",2023,county_real_gdp_all_industry,478476,Thousands of chained 2017 dollars
19151,"Pocahontas, IA",2024,county_real_gdp_all_industry,476013,Thousands of chained 2017 dollars
19153,"Polk, IA",2020,county_real_gdp_all_industry,45811649,Thousands of chained 2017 dollars
19153,"Polk, IA",2021,county_real_gdp_all_industry,50420264,Thousands of chained 2017 dollars
19153,"Polk, IA",2022,county_real_gdp_all_industry,49240656,Thousands of chained 2017 dollars
19153,"Polk, IA",2023,county_real_gdp_all_industry,48962248,Thousands of chained 2017 dollars
19153,"Polk, IA",2024,county_real_gdp_all_industry,50518845,Thousands of chained 2017 dollars
19155,"Pottawattamie, IA",2020,county_real_gdp_all_industry,4097120,Thousands of chained 2017 dollars
19155,"Pottawattamie, IA",2021,county_real_gdp_all_industry,4322099,Thousands of chained 2017 dollars
19155,"Pottawattamie, IA",2022,county_real_gdp_all_industry,4474506,Thousands of chained 2017 dollars
19155,"Pottawattamie, IA",2023,county_real_gdp_all_industry,4610420,Thousands of chained 2017 dollars
19155,"Pottawattamie, IA",2024,county_real_gdp_all_industry,4836746,Thousands of chained 2017 dollars
19157,"Poweshiek, IA",2020,county_real_gdp_all_industry,1135037,Thousands of chained 2017 dollars
19157,"Poweshiek, IA",2021,county_real_gdp_all_industry,1218732,Thousands of chained 2017 dollars
19157,"Poweshiek, IA",2022,county_real_gdp_all_industry,1265309,Thousands of chained 2017 dollars
19157,"Poweshiek, IA",2023,county_real_gdp_all_industry,1206191,Thousands of chained 2017 dollars
19157,"Poweshiek, IA",2024,county_real_gdp_all_industry,1279070,Thousands of chained 2017 dollars
19159,"Ringgold, IA",2020,county_real_gdp_all_industry,174616,Thousands of chained 2017 dollars
19159,"Ringgold, IA",2021,county_real_gdp_all_industry,182823,Thousands of chained 2017 dollars
19159,"Ringgold, IA",2022,county_real_gdp_all_industry,169682,Thousands of chained 2017 dollars
19159,"Ringgold, IA",2023,county_real_gdp_all_industry,157905,Thousands of chained 2017 dollars
19159,"Ringgold, IA",2024,county_real_gdp_all_industry,174755,Thousands of chained 2017 dollars
19161,"Sac, IA",2020,county_real_gdp_all_industry,475620,Thousands of chained 2017 dollars
19161,"Sac, IA",2021,county_real_gdp_all_industry,560784,Thousands of chained 2017 dollars
19161,"Sac, IA",2022,county_real_gdp_all_industry,581234,Thousands of chained 2017 dollars
19161,"Sac, IA",2023,county_real_gdp_all_industry,554022,Thousands of chained 2017 dollars
19161,"Sac, IA",2024,county_real_gdp_all_industry,605476,Thousands of chained 2017 dollars
19163,"Scott, IA",2020,county_real_gdp_all_industry,9434663,Thousands of chained 2017 dollars
19163,"Scott, IA",2021,county_real_gdp_all_industry,9813086,Thousands of chained 2017 dollars
19163,"Scott, IA",2022,county_real_gdp_all_industry,9974532,Thousands of chained 2017 dollars
19163,"Scott, IA",2023,county_real_gdp_all_industry,10270984,Thousands of chained 2017 dollars
19163,"Scott, IA",2024,county_real_gdp_all_industry,10565169,Thousands of chained 2017 dollars
19165,"Shelby, IA",2020,county_real_gdp_all_industry,664853,Thousands of chained 2017 dollars
19165,"Shelby, IA",2021,county_real_gdp_all_industry,794864,Thousands of chained 2017 dollars
19165,"Shelby, IA",2022,county_real_gdp_all_industry,791813,Thousands of chained 2017 dollars
19165,"Shelby, IA",2023,county_real_gdp_all_industry,816330,Thousands of chained 2017 dollars
19165,"Shelby, IA",2024,county_real_gdp_all_industry,810198,Thousands of chained 2017 dollars
19167,"Sioux, IA",2020,county_real_gdp_all_industry,2481100,Thousands of chained 2017 dollars
19167,"Sioux, IA",2021,county_real_gdp_all_industry,2435929,Thousands of chained 2017 dollars
19167,"Sioux, IA",2022,county_real_gdp_all_industry,2665245,Thousands of chained 2017 dollars
19167,"Sioux, IA",2023,county_real_gdp_all_industry,2546037,Thousands of chained 2017 dollars
19167,"Sioux, IA",2024,county_real_gdp_all_industry,3014989,Thousands of chained 2017 dollars
19169,"Story, IA",2020,county_real_gdp_all_industry,5504536,Thousands of chained 2017 dollars
19169,"Story, IA",2021,county_real_gdp_all_industry,5889275,Thousands of chained 2017 dollars
19169,"Story, IA",2022,county_real_gdp_all_industry,5871713,Thousands of chained 2017 dollars
19169,"Story, IA",2023,county_real_gdp_all_industry,5908358,Thousands of chained 2017 dollars
19169,"Story, IA",2024,county_real_gdp_all_industry,6136665,Thousands of chained 2017 dollars
19171,"Tama, IA",2020,county_real_gdp_all_industry,644672,Thousands of chained 2017 dollars
19171,"Tama, IA",2021,county_real_gdp_all_industry,705000,Thousands of chained 2017 dollars
19171,"Tama, IA",2022,county_real_gdp_all_industry,690818,Thousands of chained 2017 dollars
19171,"Tama, IA",2023,county_real_gdp_all_industry,668286,Thousands of chained 2017 dollars
19171,"Tama, IA",2024,county_real_gdp_all_industry,636320,Thousands of chained 2017 dollars
19173,"Taylor, IA",2020,county_real_gdp_all_industry,243342,Thousands of chained 2017 dollars
19173,"Taylor, IA",2021,county_real_gdp_all_industry,299988,Thousands of chained 2017 dollars
19173,"Taylor, IA",2022,county_real_gdp_all_industry,283916,Thousands of chained 2017 dollars
19173,"Taylor, IA",2023,county_real_gdp_all_industry,273828,Thousands of chained 2017 dollars
19173,"Taylor, IA",2024,county_real_gdp_all_industry,279166,Thousands of chained 2017 dollars
19175,"Union, IA",2020,county_real_gdp_all_industry,693536,Thousands of chained 2017 dollars
19175,"Union, IA",2021,county_real_gdp_all_industry,785005,Thousands of chained 2017 dollars
19175,"Union, IA",2022,county_real_gdp_all_industry,793251,Thousands of chained 2017 dollars
19175,"Union, IA",2023,county_real_gdp_all_industry,769095,Thousands of chained 2017 dollars
19175,"Union, IA",2024,county_real_gdp_all_industry,805377,Thousands of chained 2017 dollars
19177,"Van Buren, IA",2020,county_real_gdp_all_industry,212321,Thousands of chained 2017 dollars
19177,"Van Buren, IA",2021,county_real_gdp_all_industry,245294,Thousands of chained 2017 dollars
19177,"Van Buren, IA",2022,county_real_gdp_all_industry,249611,Thousands of chained 2017 dollars
19177,"Van Buren, IA",2023,county_real_gdp_all_industry,218338,Thousands of chained 2017 dollars
19177,"Van Buren, IA",2024,county_real_gdp_all_industry,213355,Thousands of chained 2017 dollars
19179,"Wapello, IA",2020,county_real_gdp_all_industry,1618427,Thousands of chained 2017 dollars
19179,"Wapello, IA",2021,county_real_gdp_all_industry,1758331,Thousands of chained 2017 dollars
19179,"Wapello, IA",2022,county_real_gdp_all_industry,1748943,Thousands of chained 2017 dollars
19179,"Wapello, IA",2023,county_real_gdp_all_industry,1691547,Thousands of chained 2017 dollars
19179,"Wapello, IA",2024,county_real_gdp_all_industry,1648497,Thousands of chained 2017 dollars
19181,"Warren, IA",2020,county_real_gdp_all_industry,1269119,Thousands of chained 2017 dollars
19181,"Warren, IA",2021,county_real_gdp_all_industry,1395228,Thousands of chained 2017 dollars
19181,"Warren, IA",2022,county_real_gdp_all_industry,1414606,Thousands of chained 2017 dollars
19181,"Warren, IA",2023,county_real_gdp_all_industry,1397186,Thousands of chained 2017 dollars
19181,"Warren, IA",2024,county_real_gdp_all_industry,1429806,Thousands of chained 2017 dollars
19183,"Washington, IA",2020,county_real_gdp_all_industry,1028367,Thousands of chained 2017 dollars
19183,"Washington, IA",2021,county_real_gdp_all_industry,1259693,Thousands of chained 2017 dollars
19183,"Washington, IA",2022,county_real_gdp_all_industry,1356533,Thousands of chained 2017 dollars
19183,"Washington, IA",2023,county_real_gdp_all_industry,1257378,Thousands of chained 2017 dollars
19183,"Washington, IA",2024,county_real_gdp_all_industry,1412399,Thousands of chained 2017 dollars
19185,"Wayne, IA",2020,county_real_gdp_all_industry,216532,Thousands of chained 2017 dollars
19185,"Wayne, IA",2021,county_real_gdp_all_industry,271814,Thousands of chained 2017 dollars
19185,"Wayne, IA",2022,county_real_gdp_all_industry,249040,Thousands of chained 2017 dollars
19185,"Wayne, IA",2023,county_real_gdp_all_industry,235276,Thousands of chained 2017 dollars
19185,"Wayne, IA",2024,county_real_gdp_all_industry,230960,Thousands of chained 2017 dollars
19187,"Webster, IA",2020,county_real_gdp_all_industry,1953915,Thousands of chained 2017 dollars
19187,"Webster, IA",2021,county_real_gdp_all_industry,2165409,Thousands of chained 2017 dollars
19187,"Webster, IA",2022,county_real_gdp_all_industry,2121297,Thousands of chained 2017 dollars
19187,"Webster, IA",2023,county_real_gdp_all_industry,2093993,Thousands of chained 2017 dollars
19187,"Webster, IA",2024,county_real_gdp_all_industry,2119925,Thousands of chained 2017 dollars
19189,"Winnebago, IA",2020,county_real_gdp_all_industry,433465,Thousands of chained 2017 dollars
19189,"Winnebago, IA",2021,county_real_gdp_all_industry,493793,Thousands of chained 2017 dollars
19189,"Winnebago, IA",2022,county_real_gdp_all_industry,530668,Thousands of chained 2017 dollars
19189,"Winnebago, IA",2023,county_real_gdp_all_industry,492037,Thousands of chained 2017 dollars
19189,"Winnebago, IA",2024,county_real_gdp_all_industry,532596,Thousands of chained 2017 dollars
19191,"Winneshiek, IA",2020,county_real_gdp_all_industry,1001137,Thousands of chained 2017 dollars
19191,"Winneshiek, IA",2021,county_real_gdp_all_industry,1029774,Thousands of chained 2017 dollars
19191,"Winneshiek, IA",2022,county_real_gdp_all_industry,1011967,Thousands of chained 2017 dollars
19191,"Winneshiek, IA",2023,county_real_gdp_all_industry,1010914,Thousands of chained 2017 dollars
19191,"Winneshiek, IA",2024,county_real_gdp_all_industry,1026441,Thousands of chained 2017 dollars
19193,"Woodbury, IA",2020,county_real_gdp_all_industry,5111726,Thousands of chained 2017 dollars
19193,"Woodbury, IA",2021,county_real_gdp_all_industry,5341503,Thousands of chained 2017 dollars
19193,"Woodbury, IA",2022,county_real_gdp_all_industry,5349084,Thousands of chained 2017 dollars
19193,"Woodbury, IA",2023,county_real_gdp_all_industry,5424174,Thousands of chained 2017 dollars
19193,"Woodbury, IA",2024,county_real_gdp_all_industry,5432371,Thousands of chained 2017 dollars
19195,"Worth, IA",2020,county_real_gdp_all_industry,290057,Thousands of chained 2017 dollars
19195,"Worth, IA",2021,county_real_gdp_all_industry,364916,Thousands of chained 2017 dollars
19195,"Worth, IA",2022,county_real_gdp_all_industry,358636,Thousands of chained 2017 dollars
19195,"Worth, IA",2023,county_real_gdp_all_industry,367368,Thousands of chained 2017 dollars
19195,"Worth, IA",2024,county_real_gdp_all_industry,357509,Thousands of chained 2017 dollars
19197,"Wright, IA",2020,county_real_gdp_all_industry,623632,Thousands of chained 2017 dollars
19197,"Wright, IA",2021,county_real_gdp_all_industry,746362,Thousands of chained 2017 dollars
19197,"Wright, IA",2022,county_real_gdp_all_industry,873877,Thousands of chained 2017 dollars
19197,"Wright, IA",2023,county_real_gdp_all_industry,832242,Thousands of chained 2017 dollars
19197,"Wright, IA",2024,county_real_gdp_all_industry,989859,Thousands of chained 2017 dollars
